id;codigo;login;email;ativo;senha
1;51554;circuit transmitting;Aurelia.Gleason@hotmail.com;true;123456
2;30973;Kids;Triston16@yahoo.com;true;123456
3;84926;Leone Path;Ryann_Harris@hotmail.com;true;123456
4;14357;generate;Earline_Hermann14@yahoo.com;false;123456
5;64792;indigo Forward open-source;Vella_Aufderhar@gmail.com;true;123456
6;79398;real-time empower;Mya91@gmail.com;true;123456
7;30041;synthesize Credit Card Account Corporate;Turner.Buckridge33@gmail.com;true;123456
8;79614;back up;Cloyd40@yahoo.com;true;123456
9;90478;Open-source transmitter Oklahoma;Ezequiel_West@gmail.com;false;123456
10;31524;open-source Executive;Clay.Schmidt@hotmail.com;true;US Dollar
