id;prioridade;justificativa;data_da_internacao;diferenca_de_classe;solicitar_prontuario
1;URGENCIA;Home Loan Account Table Computer;2020-04-29;false;true
2;ELETIVA;Tasty Metal Bacon;2020-04-28;false;false
3;URGENCIA;methodology Albania;2020-04-29;false;false
4;ELETIVA;Coordinator;2020-04-29;false;false
5;ELETIVA;Refined Rubber Chicken Table;2020-04-29;false;true
6;ELETIVA;Public-key;2020-04-29;false;true
7;ELETIVA;Games Regional Digitized;2020-04-28;true;false
8;URGENCIA;Industrial;2020-04-28;true;false
9;URGENCIA;Awesome;2020-04-29;true;false
10;ELETIVA;Louisiana Specialist Home Loan Account;2020-04-29;false;false
